,precision,recall,f1-score,support
abnormal,0.9860450108897314,0.9917248093460976,0.9888767544391862,12326.0
normal,0.9734236581552892,0.9557431568176004,0.9645023880211695,3909.0
accuracy,0.983061287342162,0.983061287342162,0.983061287342162,0.983061287342162
macro avg,0.9797343345225102,0.973733983081849,0.9766895712301779,16235.0
weighted avg,0.9830060907887808,0.983061287342162,0.9830079895283129,16235.0
