,precision,recall,f1-score,support
abnormal,0.973496835443038,0.9982962842771378,0.9857406072258271,12326.0
normal,0.9941585535465924,0.9143003325658736,0.9525586353944563,3909.0
accuracy,0.9780720665229442,0.9780720665229442,0.9780720665229442,0.9780720665229442
macro avg,0.9838276944948152,0.9562983084215058,0.9691496213101417,16235.0
weighted avg,0.9784716833683103,0.9780720665229442,0.9777511814242362,16235.0
